{"0": [-2.2930000000000006, 4.03], "1": [-1.4909999999999999, 3.45], "2": [-0.9029999999999996, 2.68], "3": [-2.208999999999999, 3.78], "4": [-2.252, 3.9], "5": [-0.8720000000000002, 2.65], "6": [-1.9769999999999996, 3.79], "7": [-2.0589999999999997, 3.77], "8": [-0.8720000000000002, 2.65], "9": [-1.0489999999999997, 2.87], "10": [-1.037, 2.91], "11": [-0.8720000000000002, 2.65], "12": [-1.9669999999999996, 3.79], "13": [-0.8720000000000002, 2.65], "14": [-1.037, 2.91], "15": [-1.706000000000002, 3.72], "16": [-1.087, 2.89], "17": [-2.1380000000000003, 4.17], "18": [-1.9669999999999996, 3.79], "19": [-2.1380000000000003, 4.17]}